Material,Categoría,Producto,Tipo de contenido,Link al material
Aquoral Core,Salud Ocular,"Aquoral® Multidosis
Aquoral® Monodosis",Promocional,"Aquoral_Core.pdf"
Díptico Aquoral,Salud Ocular,"Aquoral® Multidosis
Aquoral® Monodosis",De consulta,"ESTEVE_Diptico_Aquoral.pdf"
Tríptico Aquoral,Salud Ocular,"Aquoral® Multidosis
Aquoral® Monodosis",De consulta,"Triptico_Aquoral_MAY22-AAFF.pdf"
Packaging Aquoral® Multidosis,Salud Ocular,Aquoral® Multidosis,Promocional,"Aquoral_Multidosis.jpeg"
Packaging Aquoral® Monodosis,Salud Ocular,Aquoral® Monodosis,Promocional,"Aquoral_Monodosis.png"
Packaging Aquoral® Forte Multidosis,Salud Ocular,Aquoral® Forte Multidosis,Promocional,"Aquoral_Forte_Multidosis.jpg"
Packaging Aquoral® Forte Monodosis,Salud Ocular,Aquoral® Forte Monodosis,Promocional,"Aquoral_Forte_Monodosis.jpg"
Packaging Aquoral® Lipo Multidosis,Salud Ocular,Aquoral® Lipo Multidosis,Promocional,"Aquoral_Lipo_Multidosis.jpg"
Packaging Aquoral® Noche,Salud Ocular,Aquoral® Noche,Promocional,"Aquoral_Noche.jpg"
RepelBite Folleto Gama,Mosquitos,"RepelBite Familiar
RepelBite Xtreme
RepelBite Niños Spray
RepelBite Herbal Spray
RepelBite Natural Parches
RepelBite Natural Pulseras
RepelBite Natural Barra
RepelBite Natural Loción",De consulta,"Repelbite_Folleto_Gama.pdf"
Packaging RepelBite Familiar,Mosquitos,RepelBite Familiar,Promocional,"Repelbite_Familiar.png"
Packaging RepelBite Xtreme,Mosquitos,RepelBite Xtreme,Promocional,"Repelbite_Xtreme.png"
Packaging RepelBite Niños Spray,Mosquitos,RepelBite Niños Spray,Promocional,"Repelbite_Ni_os_Spray.png"
Packaging RepelBite Herbal Spray,Mosquitos,RepelBite Herbal Spray,Promocional,"Repelbite_Herbal_Spray.png"
Packaging RepelBite Natural Parches,Mosquitos,RepelBite Natural Parches,Promocional,"Repelbite_Natural_Parches.png"
Packaging RepelBite Natural Pulseras,Mosquitos,RepelBite Natural Pulseras,Promocional,"Repelbite_Natural_Pulseras.png"
Packaging RepelBite Natural Barra,Mosquitos,RepelBite Natural Barra,Promocional,"Repelbite_Natural_Barra.png"
Packaging RepelBite Natural Loción,Mosquitos,RepelBite Natural Loción,Promocional,"Repelbite_Natural_Locion.png"
Packaging AfterBite Original,Mosquitos,AfterBite Original,Promocional,"Afterbite_Original.png"
Packaging AfterBite Xtreme,Mosquitos,AfterBite Xtreme,Promocional,"Afterbite_Xtreme.png
Packaging AfterBite Pediátrico,Mosquitos,AfterBite Pediátrico,Promocional,"Afterbite_Pediatrico.png"
Packaging Pulsera RepelBite Niños,Mosquitos,Pulsera RepelBite Niños,Promocional,"Repelbite_Pulsera_Ninos.png"
Poster Dormidina,Sueño,"Dormidina® Doxilamina 25mg
Dormidina® Doxilamina 12,5mg
Dorminatur® Melatonina Comprimidos
Dorminatur® Melatonina Gummies
Dorminatur® Valeriana
Dorminatur® Triple Acción",De consulta,"Poster_Dormidina.pdf"
Díptico DormiNatur,Sueño,"Dorminatur® Melatonina Comprimidos
Dorminatur® Melatonina Gummies
Dorminatur® Valeriana
Dorminatur® Triple Acción",De consulta,"Diptico_Dorminatur_A3.pdf"
Dormidina Doxilamina,Sueño,Dormidina® Doxilamina,Promocional,"Dormidina_Doxilamina.pdf"
Dorminatur Melatonina,Sueño,"Dorminatur® Melatonina Comprimidos
Dorminatur® Melatonina Gummies",Promocional,"Dorminatur_melatonina.pdf"
Dorminatur Gummies,Sueño,Dorminatur® Melatonina Gummies,Promocional,"Dorminatur_Gummies.pdf"
Dorminatur Tripleacción,Sueño,Dorminatur® Triple Acción,Promocional,"Dorminatur_Tripleaccion.pdf"
Dorminatur Valeriana,Sueño,Dorminatur® Valeriana,Promocional,"Dorminatur_Valeriana.pdf"
Dorminatur Tripleacción-Melatonina-Valeriana,Sueño,"Dorminatur® Melatonina Comprimidos
Dorminatur® Melatonina Gummies
Dorminatur® Valeriana
Dorminatur® Triple Acción",Promocional,"Dorminatur_Tripleaccion_Melatonina_Valeriana.pdf"
Packaging Dormidina® Doxilamina 25mg,Sueño,Dormidina® Doxilamina 25mg,Promocional,"Dormidina_Doxilamina_25mg.png"
"Packaging Dormidina® Doxilamina 12,5mg",Sueño,"Dormidina® Doxilamina 12,5mg",Promocional,"Dormidina_Doxilamina_12,5mg.png"
Packaging Dorminatur® Melatonina Comprimidos,Sueño,Dorminatur® Melatonina Comprimidos,Promocional,"DorniNatur_Melatonina_Comprimidos.png"
Packaging Dorminatur® Melatonina Gummies,Sueño,Dorminatur® Melatonina Gummies,Promocional,"DormiNatur_Melatonina_Gummies.png"
Packaging Dorminatur® Valeriana,Sueño,Dorminatur® Valeriana,Promocional,"DormiNatur_Valeriana.png"
Packaging Dorminatur® Triple Acción,Sueño,Dorminatur® Triple Acción,Promocional,"DormiNatur_Triple_Accion.png"
Díptico Triptomax Balance,Bienestar Emocional,"Triptomax
Triptomax Balance",De consulta,"Diptico_TRIPTOMAX_BALANCE.pdf"
Gráficas Triptomax y Triptomax Balance,Bienestar Emocional,"Triptomax
Triptomax Balance",Promocional,"Graficas_Triptomax_y_Triptomax_Balance_A3.pdf"
Folleto Triptomax y Triptomax Balance,Bienestar Emocional,"Triptomax
Triptomax Balance",De consulta,"Folleto_Triptomax_y_Triptomax_Balance.pdf"
Packaging Triptomax,Bienestar Emocional,Triptomax,Promocional,"Triptomax.png"
Packaging Triptomax Balance,Bienestar Emocional,Triptomax Balance,Promocional,"Triptomax_Balance.jpeg"
